<?xml version="1.0" encoding="UTF-8"?>
<project-private xmlns="http://www.netbeans.org/ns/project-private/1">
    <editor-bookmarks xmlns="http://www.netbeans.org/ns/editor-bookmarks/2" lastBookmarkId="0"/>
    <open-files xmlns="http://www.netbeans.org/ns/projectui-open-files/2">
        <group>
            <file>file:/C:/Users/Shirley/Documents/NetBeansProjects/Modelo/src/modelo/Sede.java</file>
            <file>file:/C:/Users/Shirley/Documents/NetBeansProjects/Modelo/src/modelo/Banco.java</file>
            <file>file:/C:/Users/Shirley/Documents/NetBeansProjects/Modelo/src/modelo/Titular.java</file>
            <file>file:/C:/Users/Shirley/Documents/NetBeansProjects/Modelo/src/modelo/AperturaCuenta.java</file>
        </group>
    </open-files>
</project-private>
